Image Name,Actual Class,Predicted Class,Confidence (%)
Te-gl_1.jpg,glioma,notumor,60.38
Te-gl_10.jpg,glioma,glioma,99.9
Te-gl_100.jpg,glioma,glioma,99.85
Te-gl_101.jpg,glioma,meningioma,53.52
Te-gl_102.jpg,glioma,notumor,90.42
Te-gl_103.jpg,glioma,notumor,65.31
Te-gl_104.jpg,glioma,meningioma,75.25
Te-gl_105.jpg,glioma,glioma,96.94
Te-gl_106.jpg,glioma,notumor,96.17
Te-gl_107.jpg,glioma,glioma,99.43
Te-gl_108.jpg,glioma,pituitary,55.12
Te-gl_109.jpg,glioma,meningioma,87.33
Te-gl_11.jpg,glioma,glioma,99.63
Te-gl_110.jpg,glioma,glioma,94.38
Te-gl_111.jpg,glioma,glioma,99.95
Te-gl_112.jpg,glioma,glioma,99.94
Te-gl_113.jpg,glioma,glioma,98.98
Te-gl_114.jpg,glioma,glioma,94.23
Te-gl_115.jpg,glioma,notumor,61.6
Te-gl_116.jpg,glioma,glioma,98.12
Te-gl_117.jpg,glioma,glioma,99.99
Te-gl_118.jpg,glioma,meningioma,58.86
Te-gl_119.jpg,glioma,glioma,95.13
Te-gl_12.jpg,glioma,glioma,99.9
Te-gl_120.jpg,glioma,glioma,69.33
Te-gl_121.jpg,glioma,glioma,99.0
Te-gl_122.jpg,glioma,glioma,99.96
Te-gl_123.jpg,glioma,glioma,99.89
Te-gl_124.jpg,glioma,glioma,99.44
Te-gl_125.jpg,glioma,glioma,98.92
Te-gl_126.jpg,glioma,notumor,70.18
Te-gl_127.jpg,glioma,glioma,99.76
Te-gl_128.jpg,glioma,glioma,99.87
Te-gl_129.jpg,glioma,notumor,79.83
Te-gl_13.jpg,glioma,glioma,99.32
Te-gl_130.jpg,glioma,meningioma,81.17
Te-gl_131.jpg,glioma,glioma,97.76
Te-gl_132.jpg,glioma,glioma,99.95
Te-gl_133.jpg,glioma,notumor,82.69
Te-gl_134.jpg,glioma,glioma,99.88
Te-gl_135.jpg,glioma,glioma,99.93
Te-gl_136.jpg,glioma,glioma,98.4
Te-gl_137.jpg,glioma,glioma,99.89
Te-gl_138.jpg,glioma,glioma,98.12
Te-gl_139.jpg,glioma,glioma,99.9
Te-gl_14.jpg,glioma,meningioma,93.13
Te-gl_140.jpg,glioma,meningioma,90.29
Te-gl_141.jpg,glioma,glioma,99.89
Te-gl_142.jpg,glioma,glioma,91.85
Te-gl_143.jpg,glioma,notumor,65.76
Te-gl_144.jpg,glioma,notumor,84.81
Te-gl_145.jpg,glioma,glioma,99.96
Te-gl_146.jpg,glioma,glioma,99.95
Te-gl_147.jpg,glioma,glioma,93.99
Te-gl_148.jpg,glioma,glioma,73.64
Te-gl_149.jpg,glioma,meningioma,71.01
Te-gl_15.jpg,glioma,meningioma,95.67
Te-gl_150.jpg,glioma,glioma,99.92
Te-gl_151.jpg,glioma,notumor,89.47
Te-gl_152.jpg,glioma,glioma,99.91
Te-gl_153.jpg,glioma,glioma,78.73
Te-gl_154.jpg,glioma,glioma,99.99
Te-gl_155.jpg,glioma,glioma,99.88
Te-gl_156.jpg,glioma,glioma,99.85
Te-gl_157.jpg,glioma,meningioma,61.32
Te-gl_158.jpg,glioma,meningioma,65.14
Te-gl_159.jpg,glioma,notumor,58.22
Te-gl_16.jpg,glioma,meningioma,53.5
Te-gl_160.jpg,glioma,meningioma,97.59
Te-gl_161.jpg,glioma,glioma,97.68
Te-gl_162.jpg,glioma,glioma,99.86
Te-gl_163.jpg,glioma,glioma,99.94
Te-gl_164.jpg,glioma,glioma,99.88
Te-gl_165.jpg,glioma,glioma,86.29
Te-gl_166.jpg,glioma,meningioma,77.96
Te-gl_167.jpg,glioma,meningioma,66.86
Te-gl_168.jpg,glioma,glioma,99.81
Te-gl_169.jpg,glioma,glioma,99.79
Te-gl_17.jpg,glioma,glioma,99.37
Te-gl_170.jpg,glioma,notumor,96.93
Te-gl_171.jpg,glioma,notumor,91.65
Te-gl_172.jpg,glioma,meningioma,56.33
Te-gl_173.jpg,glioma,glioma,95.3
Te-gl_174.jpg,glioma,glioma,87.43
Te-gl_175.jpg,glioma,glioma,86.86
Te-gl_176.jpg,glioma,glioma,99.27
Te-gl_177.jpg,glioma,glioma,99.51
Te-gl_178.jpg,glioma,notumor,96.93
Te-gl_179.jpg,glioma,glioma,99.9
Te-gl_18.jpg,glioma,glioma,99.88
Te-gl_180.jpg,glioma,glioma,99.62
Te-gl_181.jpg,glioma,meningioma,96.37
Te-gl_182.jpg,glioma,glioma,99.72
Te-gl_183.jpg,glioma,glioma,97.71
Te-gl_184.jpg,glioma,meningioma,95.57
Te-gl_185.jpg,glioma,glioma,99.58
Te-gl_186.jpg,glioma,glioma,99.87
Te-gl_187.jpg,glioma,notumor,92.92
Te-gl_188.jpg,glioma,glioma,99.65
Te-gl_189.jpg,glioma,notumor,79.08
Te-gl_19.jpg,glioma,glioma,99.71
Te-gl_190.jpg,glioma,glioma,93.34
Te-gl_191.jpg,glioma,glioma,99.32
Te-gl_192.jpg,glioma,glioma,99.37
Te-gl_193.jpg,glioma,glioma,91.17
Te-gl_194.jpg,glioma,glioma,98.36
Te-gl_195.jpg,glioma,glioma,93.61
Te-gl_196.jpg,glioma,notumor,73.13
Te-gl_197.jpg,glioma,glioma,87.94
Te-gl_198.jpg,glioma,glioma,99.63
Te-gl_199.jpg,glioma,glioma,70.99
Te-gl_2.jpg,glioma,glioma,99.74
Te-gl_20.jpg,glioma,glioma,96.0
Te-gl_200.jpg,glioma,glioma,98.99
Te-gl_201.jpg,glioma,glioma,99.73
Te-gl_202.jpg,glioma,glioma,98.43
Te-gl_203.jpg,glioma,glioma,99.95
Te-gl_204.jpg,glioma,notumor,78.48
Te-gl_205.jpg,glioma,meningioma,74.76
Te-gl_206.jpg,glioma,glioma,99.84
Te-gl_207.jpg,glioma,glioma,50.85
Te-gl_208.jpg,glioma,meningioma,53.76
Te-gl_209.jpg,glioma,glioma,99.53
Te-gl_21.jpg,glioma,glioma,99.95
Te-gl_210.jpg,glioma,glioma,99.87
Te-gl_211.jpg,glioma,notumor,82.78
Te-gl_212.jpg,glioma,meningioma,48.22
Te-gl_213.jpg,glioma,meningioma,58.51
Te-gl_214.jpg,glioma,glioma,99.86
Te-gl_215.jpg,glioma,notumor,86.19
Te-gl_216.jpg,glioma,glioma,99.87
Te-gl_217.jpg,glioma,glioma,99.46
Te-gl_218.jpg,glioma,notumor,53.97
Te-gl_219.jpg,glioma,glioma,99.76
Te-gl_22.jpg,glioma,glioma,98.85
Te-gl_220.jpg,glioma,glioma,98.33
Te-gl_221.jpg,glioma,glioma,99.93
Te-gl_222.jpg,glioma,glioma,99.65
Te-gl_223.jpg,glioma,glioma,99.75
Te-gl_224.jpg,glioma,glioma,93.76
Te-gl_225.jpg,glioma,glioma,99.87
Te-gl_226.jpg,glioma,glioma,99.55
Te-gl_227.jpg,glioma,glioma,99.63
Te-gl_228.jpg,glioma,notumor,91.65
Te-gl_229.jpg,glioma,meningioma,58.89
Te-gl_23.jpg,glioma,glioma,81.39
Te-gl_230.jpg,glioma,glioma,99.15
Te-gl_231.jpg,glioma,glioma,99.74
Te-gl_232.jpg,glioma,glioma,95.69
Te-gl_233.jpg,glioma,glioma,99.79
Te-gl_234.jpg,glioma,glioma,99.77
Te-gl_235.jpg,glioma,glioma,94.63
Te-gl_236.jpg,glioma,glioma,97.34
Te-gl_237.jpg,glioma,meningioma,60.8
Te-gl_238.jpg,glioma,meningioma,90.29
Te-gl_239.jpg,glioma,glioma,80.73
Te-gl_24.jpg,glioma,glioma,99.77
Te-gl_240.jpg,glioma,glioma,99.82
Te-gl_241.jpg,glioma,glioma,99.31
Te-gl_242.jpg,glioma,glioma,99.87
Te-gl_243.jpg,glioma,glioma,99.76
Te-gl_244.jpg,glioma,meningioma,56.6
Te-gl_245.jpg,glioma,glioma,90.72
Te-gl_246.jpg,glioma,meningioma,55.33
Te-gl_247.jpg,glioma,meningioma,98.24
Te-gl_248.jpg,glioma,glioma,99.94
Te-gl_249.jpg,glioma,glioma,99.9
Te-gl_25.jpg,glioma,glioma,94.42
Te-gl_250.jpg,glioma,glioma,99.76
Te-gl_251.jpg,glioma,meningioma,53.54
Te-gl_252.jpg,glioma,meningioma,50.96
Te-gl_253.jpg,glioma,glioma,99.76
Te-gl_254.jpg,glioma,glioma,99.91
Te-gl_255.jpg,glioma,glioma,99.99
Te-gl_256.jpg,glioma,glioma,99.58
Te-gl_257.jpg,glioma,meningioma,52.91
Te-gl_258.jpg,glioma,glioma,99.79
Te-gl_259.jpg,glioma,notumor,78.48
Te-gl_26.jpg,glioma,glioma,88.38
Te-gl_260.jpg,glioma,glioma,96.78
Te-gl_261.jpg,glioma,glioma,99.84
Te-gl_262.jpg,glioma,glioma,99.64
Te-gl_263.jpg,glioma,meningioma,92.31
Te-gl_264.jpg,glioma,notumor,53.47
Te-gl_265.jpg,glioma,glioma,97.89
Te-gl_266.jpg,glioma,glioma,93.49
Te-gl_267.jpg,glioma,glioma,99.88
Te-gl_268.jpg,glioma,glioma,99.92
Te-gl_269.jpg,glioma,glioma,99.87
Te-gl_27.jpg,glioma,notumor,62.79
Te-gl_270.jpg,glioma,meningioma,89.69
Te-gl_271.jpg,glioma,glioma,99.76
Te-gl_272.jpg,glioma,meningioma,48.22
Te-gl_273.jpg,glioma,glioma,99.86
Te-gl_274.jpg,glioma,glioma,99.64
Te-gl_275.jpg,glioma,meningioma,72.83
Te-gl_276.jpg,glioma,glioma,97.19
Te-gl_277.jpg,glioma,notumor,90.02
Te-gl_278.jpg,glioma,meningioma,77.96
Te-gl_279.jpg,glioma,pituitary,52.91
Te-gl_28.jpg,glioma,meningioma,62.42
Te-gl_280.jpg,glioma,glioma,99.63
Te-gl_281.jpg,glioma,glioma,98.47
Te-gl_282.jpg,glioma,glioma,99.97
Te-gl_283.jpg,glioma,glioma,99.89
Te-gl_284.jpg,glioma,glioma,97.75
Te-gl_285.jpg,glioma,glioma,80.08
Te-gl_286.jpg,glioma,glioma,98.47
Te-gl_287.jpg,glioma,meningioma,68.33
Te-gl_288.jpg,glioma,glioma,99.69
Te-gl_289.jpg,glioma,glioma,99.93
Te-gl_29.jpg,glioma,meningioma,89.69
Te-gl_290.jpg,glioma,glioma,99.79
Te-gl_291.jpg,glioma,glioma,98.83
Te-gl_292.jpg,glioma,glioma,99.88
Te-gl_293.jpg,glioma,glioma,95.78
Te-gl_294.jpg,glioma,glioma,99.94
Te-gl_295.jpg,glioma,meningioma,63.61
Te-gl_296.jpg,glioma,glioma,99.79
Te-gl_297.jpg,glioma,glioma,98.31
Te-gl_298.jpg,glioma,glioma,84.79
Te-gl_299.jpg,glioma,glioma,99.94
Te-gl_3.jpg,glioma,glioma,99.93
Te-gl_30.jpg,glioma,notumor,89.41
Te-gl_300.jpg,glioma,glioma,98.96
Te-gl_301.jpg,glioma,glioma,99.92
Te-gl_302.jpg,glioma,glioma,99.2
Te-gl_303.jpg,glioma,notumor,79.83
Te-gl_304.jpg,glioma,meningioma,98.69
Te-gl_305.jpg,glioma,glioma,87.27
Te-gl_306.jpg,glioma,meningioma,92.09
Te-gl_307.jpg,glioma,glioma,99.99
Te-gl_308.jpg,glioma,meningioma,58.39
Te-gl_309.jpg,glioma,glioma,79.19
Te-gl_31.jpg,glioma,glioma,99.97
Te-gl_310.jpg,glioma,notumor,78.07
Te-gl_311.jpg,glioma,glioma,99.94
Te-gl_312.jpg,glioma,glioma,99.33
Te-gl_313.jpg,glioma,meningioma,82.42
Te-gl_314.jpg,glioma,meningioma,55.15
Te-gl_315.jpg,glioma,meningioma,57.51
Te-gl_316.jpg,glioma,glioma,99.95
Te-gl_317.jpg,glioma,glioma,99.36
Te-gl_318.jpg,glioma,notumor,96.84
Te-gl_319.jpg,glioma,glioma,97.7
Te-gl_32.jpg,glioma,notumor,54.2
Te-gl_320.jpg,glioma,glioma,99.16
Te-gl_321.jpg,glioma,glioma,94.56
Te-gl_322.jpg,glioma,glioma,99.87
Te-gl_323.jpg,glioma,meningioma,69.04
Te-gl_324.jpg,glioma,glioma,99.52
Te-gl_325.jpg,glioma,glioma,99.87
Te-gl_326.jpg,glioma,glioma,99.96
Te-gl_327.jpg,glioma,glioma,91.18
Te-gl_328.jpg,glioma,glioma,99.89
Te-gl_329.jpg,glioma,glioma,80.41
Te-gl_33.jpg,glioma,glioma,99.9
Te-gl_330.jpg,glioma,notumor,78.26
Te-gl_331.jpg,glioma,glioma,65.17
Te-gl_332.jpg,glioma,glioma,99.81
Te-gl_333.jpg,glioma,pituitary,49.85
Te-gl_334.jpg,glioma,glioma,97.94
Te-gl_335.jpg,glioma,notumor,53.92
Te-gl_336.jpg,glioma,meningioma,92.69
Te-gl_337.jpg,glioma,glioma,75.36
Te-gl_338.jpg,glioma,meningioma,48.22
Te-gl_339.jpg,glioma,glioma,99.87
Te-gl_34.jpg,glioma,glioma,99.64
Te-gl_340.jpg,glioma,glioma,99.35
Te-gl_341.jpg,glioma,notumor,100.0
Te-gl_342.jpg,glioma,glioma,99.86
Te-gl_343.jpg,glioma,glioma,99.86
Te-gl_344.jpg,glioma,glioma,99.84
Te-gl_345.jpg,glioma,glioma,99.91
Te-gl_346.jpg,glioma,glioma,99.72
Te-gl_347.jpg,glioma,glioma,96.68
Te-gl_348.jpg,glioma,glioma,99.94
Te-gl_349.jpg,glioma,notumor,79.42
Te-gl_35.jpg,glioma,glioma,99.35
Te-gl_350.jpg,glioma,notumor,64.74
Te-gl_351.jpg,glioma,notumor,56.28
Te-gl_352.jpg,glioma,glioma,98.71
Te-gl_353.jpg,glioma,glioma,99.78
Te-gl_354.jpg,glioma,glioma,99.27
Te-gl_355.jpg,glioma,glioma,99.97
Te-gl_356.jpg,glioma,glioma,81.02
Te-gl_357.jpg,glioma,glioma,99.89
Te-gl_358.jpg,glioma,notumor,65.04
Te-gl_359.jpg,glioma,glioma,99.86
Te-gl_36.jpg,glioma,glioma,99.51
Te-gl_360.jpg,glioma,glioma,92.36
Te-gl_361.jpg,glioma,glioma,99.93
Te-gl_362.jpg,glioma,glioma,99.5
Te-gl_363.jpg,glioma,pituitary,57.04
Te-gl_364.jpg,glioma,glioma,99.94
Te-gl_365.jpg,glioma,meningioma,67.05
Te-gl_366.jpg,glioma,glioma,99.36
Te-gl_367.jpg,glioma,glioma,98.96
Te-gl_368.jpg,glioma,glioma,98.0
Te-gl_369.jpg,glioma,glioma,91.06
Te-gl_37.jpg,glioma,glioma,99.67
Te-gl_370.jpg,glioma,glioma,100.0
Te-gl_371.jpg,glioma,meningioma,74.01
Te-gl_372.jpg,glioma,notumor,68.76
Te-gl_373.jpg,glioma,glioma,99.97
Te-gl_374.jpg,glioma,glioma,97.67
Te-gl_375.jpg,glioma,glioma,99.68
Te-gl_376.jpg,glioma,glioma,95.92
Te-gl_377.jpg,glioma,glioma,85.05
Te-gl_378.jpg,glioma,glioma,99.96
Te-gl_379.jpg,glioma,glioma,99.89
Te-gl_38.jpg,glioma,glioma,99.57
Te-gl_380.jpg,glioma,glioma,91.12
Te-gl_381.jpg,glioma,glioma,95.75
Te-gl_382.jpg,glioma,glioma,99.44
Te-gl_383.jpg,glioma,glioma,99.92
Te-gl_384.jpg,glioma,glioma,84.35
Te-gl_385.jpg,glioma,glioma,99.79
Te-gl_386.jpg,glioma,glioma,99.92
Te-gl_387.jpg,glioma,glioma,99.16
Te-gl_388.jpg,glioma,glioma,99.06
Te-gl_389.jpg,glioma,notumor,54.2
Te-gl_39.jpg,glioma,notumor,57.38
Te-gl_390.jpg,glioma,glioma,99.99
Te-gl_391.jpg,glioma,notumor,50.66
Te-gl_392.jpg,glioma,glioma,99.89
Te-gl_393.jpg,glioma,glioma,99.98
Te-gl_394.jpg,glioma,glioma,98.59
Te-gl_395.jpg,glioma,glioma,99.21
Te-gl_396.jpg,glioma,glioma,99.81
Te-gl_397.jpg,glioma,glioma,99.58
Te-gl_398.jpg,glioma,glioma,99.94
Te-gl_399.jpg,glioma,glioma,71.46
Te-gl_4.jpg,glioma,glioma,97.62
Te-gl_40.jpg,glioma,glioma,99.55
Te-gl_400.jpg,glioma,glioma,99.52
Te-gl_41.jpg,glioma,glioma,98.77
Te-gl_42.jpg,glioma,glioma,98.88
Te-gl_43.jpg,glioma,notumor,84.57
Te-gl_44.jpg,glioma,glioma,99.92
Te-gl_45.jpg,glioma,glioma,98.49
Te-gl_46.jpg,glioma,glioma,99.87
Te-gl_47.jpg,glioma,notumor,67.35
Te-gl_48.jpg,glioma,glioma,99.97
Te-gl_49.jpg,glioma,glioma,99.91
Te-gl_5.jpg,glioma,glioma,99.83
Te-gl_50.jpg,glioma,glioma,99.79
Te-gl_51.jpg,glioma,glioma,66.32
Te-gl_52.jpg,glioma,glioma,99.67
Te-gl_53.jpg,glioma,notumor,95.89
Te-gl_54.jpg,glioma,glioma,98.62
Te-gl_55.jpg,glioma,glioma,94.64
Te-gl_56.jpg,glioma,meningioma,50.6
Te-gl_57.jpg,glioma,glioma,98.84
Te-gl_58.jpg,glioma,meningioma,68.33
Te-gl_59.jpg,glioma,notumor,84.81
Te-gl_6.jpg,glioma,glioma,99.73
Te-gl_60.jpg,glioma,glioma,99.83
Te-gl_61.jpg,glioma,glioma,99.84
Te-gl_62.jpg,glioma,notumor,98.1
Te-gl_63.jpg,glioma,glioma,99.83
Te-gl_64.jpg,glioma,glioma,98.68
Te-gl_65.jpg,glioma,glioma,95.97
Te-gl_66.jpg,glioma,meningioma,54.55
Te-gl_67.jpg,glioma,glioma,68.18
Te-gl_68.jpg,glioma,meningioma,99.24
Te-gl_69.jpg,glioma,glioma,99.97
Te-gl_7.jpg,glioma,glioma,99.89
Te-gl_70.jpg,glioma,glioma,99.05
Te-gl_71.jpg,glioma,meningioma,73.57
Te-gl_72.jpg,glioma,notumor,65.76
Te-gl_73.jpg,glioma,glioma,94.43
Te-gl_74.jpg,glioma,notumor,80.34
Te-gl_75.jpg,glioma,glioma,97.51
Te-gl_76.jpg,glioma,meningioma,89.88
Te-gl_77.jpg,glioma,meningioma,69.35
Te-gl_78.jpg,glioma,notumor,97.57
Te-gl_79.jpg,glioma,glioma,96.43
Te-gl_8.jpg,glioma,glioma,99.86
Te-gl_80.jpg,glioma,glioma,99.95
Te-gl_81.jpg,glioma,glioma,99.7
Te-gl_82.jpg,glioma,glioma,85.31
Te-gl_83.jpg,glioma,glioma,99.9
Te-gl_84.jpg,glioma,notumor,65.55
Te-gl_85.jpg,glioma,glioma,99.76
Te-gl_86.jpg,glioma,notumor,55.26
Te-gl_87.jpg,glioma,meningioma,96.45
Te-gl_88.jpg,glioma,glioma,99.56
Te-gl_89.jpg,glioma,glioma,97.1
Te-gl_9.jpg,glioma,glioma,99.99
Te-gl_90.jpg,glioma,glioma,99.76
Te-gl_91.jpg,glioma,meningioma,62.8
Te-gl_92.jpg,glioma,glioma,97.06
Te-gl_93.jpg,glioma,meningioma,69.49
Te-gl_94.jpg,glioma,glioma,74.19
Te-gl_95.jpg,glioma,glioma,99.97
Te-gl_96.jpg,glioma,glioma,99.4
Te-gl_97.jpg,glioma,notumor,97.45
Te-gl_98.jpg,glioma,glioma,99.53
Te-gl_99.jpg,glioma,glioma,99.67
Te-aug-me_1.jpg,meningioma,meningioma,90.4
Te-aug-me_10.jpg,meningioma,meningioma,71.24
Te-aug-me_100.jpg,meningioma,meningioma,98.27
Te-aug-me_101.jpg,meningioma,meningioma,97.58
Te-aug-me_102.jpg,meningioma,glioma,65.44
Te-aug-me_103.jpg,meningioma,meningioma,85.66
Te-aug-me_11.jpg,meningioma,meningioma,78.38
Te-aug-me_12.jpg,meningioma,meningioma,77.29
Te-aug-me_13.jpg,meningioma,meningioma,76.76
Te-aug-me_14.jpg,meningioma,meningioma,55.9
Te-aug-me_15.jpg,meningioma,meningioma,83.32
Te-aug-me_16.jpg,meningioma,meningioma,86.68
Te-aug-me_17.jpg,meningioma,meningioma,87.26
Te-aug-me_18.jpg,meningioma,meningioma,75.23
Te-aug-me_19.jpg,meningioma,meningioma,81.12
Te-aug-me_2.jpg,meningioma,meningioma,97.92
Te-aug-me_20.jpg,meningioma,meningioma,62.53
Te-aug-me_21.jpg,meningioma,meningioma,75.35
Te-aug-me_22.jpg,meningioma,meningioma,97.85
Te-aug-me_23.jpg,meningioma,meningioma,82.58
Te-aug-me_24.jpg,meningioma,meningioma,44.35
Te-aug-me_25.jpg,meningioma,meningioma,94.11
Te-aug-me_26.jpg,meningioma,meningioma,71.78
Te-aug-me_27.jpg,meningioma,meningioma,83.57
Te-aug-me_28.jpg,meningioma,meningioma,83.25
Te-aug-me_29.jpg,meningioma,meningioma,95.24
Te-aug-me_3.jpg,meningioma,meningioma,92.31
Te-aug-me_30.jpg,meningioma,meningioma,84.2
Te-aug-me_31.jpg,meningioma,meningioma,60.55
Te-aug-me_32.jpg,meningioma,meningioma,98.53
Te-aug-me_33.jpg,meningioma,meningioma,97.31
Te-aug-me_34.jpg,meningioma,meningioma,86.13
Te-aug-me_35.jpg,meningioma,pituitary,47.98
Te-aug-me_36.jpg,meningioma,meningioma,96.34
Te-aug-me_37.jpg,meningioma,meningioma,65.78
Te-aug-me_38.jpg,meningioma,meningioma,78.91
Te-aug-me_39.jpg,meningioma,meningioma,98.4
Te-aug-me_4.jpg,meningioma,meningioma,91.63
Te-aug-me_40.jpg,meningioma,meningioma,94.58
Te-aug-me_41.jpg,meningioma,meningioma,90.96
Te-aug-me_42.jpg,meningioma,meningioma,96.49
Te-aug-me_43.jpg,meningioma,meningioma,96.99
Te-aug-me_44.jpg,meningioma,meningioma,77.79
Te-aug-me_45.jpg,meningioma,meningioma,95.51
Te-aug-me_46.jpg,meningioma,notumor,59.86
Te-aug-me_47.jpg,meningioma,meningioma,64.22
Te-aug-me_48.jpg,meningioma,meningioma,90.79
Te-aug-me_49.jpg,meningioma,meningioma,98.66
Te-aug-me_5.jpg,meningioma,meningioma,98.08
Te-aug-me_50.jpg,meningioma,meningioma,50.95
Te-aug-me_51.jpg,meningioma,meningioma,96.92
Te-aug-me_52.jpg,meningioma,meningioma,86.01
Te-aug-me_53.jpg,meningioma,meningioma,90.88
Te-aug-me_54.jpg,meningioma,meningioma,90.65
Te-aug-me_55.jpg,meningioma,meningioma,71.25
Te-aug-me_56.jpg,meningioma,meningioma,95.49
Te-aug-me_57.jpg,meningioma,meningioma,98.93
Te-aug-me_58.jpg,meningioma,meningioma,91.53
Te-aug-me_59.jpg,meningioma,meningioma,59.54
Te-aug-me_6.jpg,meningioma,meningioma,41.37
Te-aug-me_60.jpg,meningioma,meningioma,89.45
Te-aug-me_61.jpg,meningioma,meningioma,87.74
Te-aug-me_62.jpg,meningioma,meningioma,99.11
Te-aug-me_63.jpg,meningioma,meningioma,97.74
Te-aug-me_64.jpg,meningioma,meningioma,84.67
Te-aug-me_65.jpg,meningioma,meningioma,88.74
Te-aug-me_66.jpg,meningioma,meningioma,94.0
Te-aug-me_67.jpg,meningioma,meningioma,74.73
Te-aug-me_68.jpg,meningioma,meningioma,78.16
Te-aug-me_69.jpg,meningioma,meningioma,94.28
Te-aug-me_7.jpg,meningioma,meningioma,83.16
Te-aug-me_70.jpg,meningioma,meningioma,91.36
Te-aug-me_71.jpg,meningioma,meningioma,83.97
Te-aug-me_72.jpg,meningioma,meningioma,88.78
Te-aug-me_73.jpg,meningioma,meningioma,88.42
Te-aug-me_74.jpg,meningioma,meningioma,94.96
Te-aug-me_75.jpg,meningioma,meningioma,81.65
Te-aug-me_76.jpg,meningioma,meningioma,63.8
Te-aug-me_77.jpg,meningioma,meningioma,90.15
Te-aug-me_78.jpg,meningioma,meningioma,91.38
Te-aug-me_79.jpg,meningioma,meningioma,96.75
Te-aug-me_8.jpg,meningioma,meningioma,75.05
Te-aug-me_80.jpg,meningioma,meningioma,86.75
Te-aug-me_81.jpg,meningioma,meningioma,87.95
Te-aug-me_82.jpg,meningioma,meningioma,92.33
Te-aug-me_83.jpg,meningioma,meningioma,98.77
Te-aug-me_84.jpg,meningioma,meningioma,58.41
Te-aug-me_85.jpg,meningioma,meningioma,93.7
Te-aug-me_86.jpg,meningioma,meningioma,98.89
Te-aug-me_87.jpg,meningioma,meningioma,97.97
Te-aug-me_88.jpg,meningioma,meningioma,94.45
Te-aug-me_89.jpg,meningioma,meningioma,80.84
Te-aug-me_9.jpg,meningioma,pituitary,63.17
Te-aug-me_90.jpg,meningioma,meningioma,96.45
Te-aug-me_91.jpg,meningioma,meningioma,94.86
Te-aug-me_92.jpg,meningioma,meningioma,59.51
Te-aug-me_93.jpg,meningioma,meningioma,68.83
Te-aug-me_94.jpg,meningioma,meningioma,89.63
Te-aug-me_95.jpg,meningioma,meningioma,85.04
Te-aug-me_96.jpg,meningioma,meningioma,93.64
Te-aug-me_97.jpg,meningioma,meningioma,95.71
Te-aug-me_98.jpg,meningioma,meningioma,93.22
Te-aug-me_99.jpg,meningioma,meningioma,98.02
Te-me_1.jpg,meningioma,meningioma,99.33
Te-me_10.jpg,meningioma,meningioma,71.18
Te-me_100.jpg,meningioma,pituitary,66.81
Te-me_101.jpg,meningioma,meningioma,99.18
Te-me_102.jpg,meningioma,meningioma,97.31
Te-me_103.jpg,meningioma,meningioma,97.44
Te-me_104.jpg,meningioma,meningioma,97.92
Te-me_105.jpg,meningioma,meningioma,99.1
Te-me_106.jpg,meningioma,meningioma,70.7
Te-me_107.jpg,meningioma,meningioma,98.78
Te-me_108.jpg,meningioma,meningioma,81.05
Te-me_109.jpg,meningioma,meningioma,99.28
Te-me_11.jpg,meningioma,meningioma,83.24
Te-me_110.jpg,meningioma,meningioma,99.21
Te-me_111.jpg,meningioma,meningioma,98.96
Te-me_112.jpg,meningioma,meningioma,99.28
Te-me_113.jpg,meningioma,meningioma,99.18
Te-me_114.jpg,meningioma,meningioma,91.56
Te-me_115.jpg,meningioma,meningioma,83.73
Te-me_116.jpg,meningioma,meningioma,99.18
Te-me_117.jpg,meningioma,meningioma,99.16
Te-me_118.jpg,meningioma,meningioma,63.77
Te-me_119.jpg,meningioma,meningioma,49.97
Te-me_12.jpg,meningioma,meningioma,96.1
Te-me_120.jpg,meningioma,meningioma,87.62
Te-me_121.jpg,meningioma,meningioma,99.41
Te-me_122.jpg,meningioma,meningioma,91.99
Te-me_123.jpg,meningioma,meningioma,73.63
Te-me_124.jpg,meningioma,meningioma,84.32
Te-me_125.jpg,meningioma,meningioma,98.75
Te-me_126.jpg,meningioma,meningioma,99.34
Te-me_127.jpg,meningioma,meningioma,91.74
Te-me_128.jpg,meningioma,meningioma,91.59
Te-me_129.jpg,meningioma,meningioma,53.85
Te-me_13.jpg,meningioma,meningioma,60.91
Te-me_130.jpg,meningioma,pituitary,61.43
Te-me_131.jpg,meningioma,meningioma,73.6
Te-me_132.jpg,meningioma,meningioma,97.13
Te-me_133.jpg,meningioma,meningioma,85.96
Te-me_134.jpg,meningioma,meningioma,99.47
Te-me_135.jpg,meningioma,meningioma,94.9
Te-me_136.jpg,meningioma,meningioma,78.62
Te-me_137.jpg,meningioma,meningioma,99.23
Te-me_138.jpg,meningioma,meningioma,99.09
Te-me_139.jpg,meningioma,meningioma,80.39
Te-me_14.jpg,meningioma,glioma,79.99
Te-me_140.jpg,meningioma,meningioma,99.01
Te-me_141.jpg,meningioma,meningioma,97.22
Te-me_142.jpg,meningioma,meningioma,78.73
Te-me_143.jpg,meningioma,meningioma,87.56
Te-me_144.jpg,meningioma,notumor,47.84
Te-me_145.jpg,meningioma,meningioma,99.3
Te-me_146.jpg,meningioma,meningioma,98.52
Te-me_147.jpg,meningioma,meningioma,99.43
Te-me_148.jpg,meningioma,meningioma,98.49
Te-me_149.jpg,meningioma,meningioma,99.03
Te-me_15.jpg,meningioma,meningioma,95.77
Te-me_150.jpg,meningioma,meningioma,96.87
Te-me_151.jpg,meningioma,meningioma,78.98
Te-me_152.jpg,meningioma,meningioma,90.91
Te-me_153.jpg,meningioma,meningioma,64.0
Te-me_154.jpg,meningioma,meningioma,99.13
Te-me_155.jpg,meningioma,meningioma,65.35
Te-me_156.jpg,meningioma,meningioma,99.27
Te-me_157.jpg,meningioma,meningioma,99.28
Te-me_158.jpg,meningioma,meningioma,99.18
Te-me_159.jpg,meningioma,meningioma,99.2
Te-me_16.jpg,meningioma,meningioma,93.74
Te-me_160.jpg,meningioma,meningioma,94.32
Te-me_161.jpg,meningioma,meningioma,94.0
Te-me_162.jpg,meningioma,meningioma,99.11
Te-me_163.jpg,meningioma,meningioma,97.46
Te-me_164.jpg,meningioma,meningioma,99.36
Te-me_165.jpg,meningioma,meningioma,99.16
Te-me_166.jpg,meningioma,meningioma,96.31
Te-me_167.jpg,meningioma,meningioma,99.41
Te-me_168.jpg,meningioma,meningioma,98.99
Te-me_169.jpg,meningioma,pituitary,67.42
Te-me_17.jpg,meningioma,meningioma,95.97
Te-me_170.jpg,meningioma,meningioma,97.77
Te-me_171.jpg,meningioma,meningioma,99.19
Te-me_172.jpg,meningioma,meningioma,99.92
Te-me_173.jpg,meningioma,meningioma,98.94
Te-me_174.jpg,meningioma,meningioma,98.96
Te-me_175.jpg,meningioma,meningioma,99.05
Te-me_176.jpg,meningioma,notumor,60.56
Te-me_177.jpg,meningioma,meningioma,94.43
Te-me_178.jpg,meningioma,meningioma,98.14
Te-me_179.jpg,meningioma,meningioma,99.14
Te-me_18.jpg,meningioma,meningioma,99.32
Te-me_180.jpg,meningioma,meningioma,99.2
Te-me_181.jpg,meningioma,meningioma,73.74
Te-me_182.jpg,meningioma,notumor,71.69
Te-me_183.jpg,meningioma,meningioma,99.3
Te-me_184.jpg,meningioma,meningioma,99.08
Te-me_185.jpg,meningioma,meningioma,98.79
Te-me_186.jpg,meningioma,notumor,69.96
Te-me_187.jpg,meningioma,meningioma,99.1
Te-me_188.jpg,meningioma,meningioma,98.17
Te-me_189.jpg,meningioma,meningioma,97.84
Te-me_19.jpg,meningioma,meningioma,99.39
Te-me_190.jpg,meningioma,meningioma,98.96
Te-me_191.jpg,meningioma,meningioma,98.92
Te-me_192.jpg,meningioma,meningioma,73.97
Te-me_193.jpg,meningioma,meningioma,89.36
Te-me_194.jpg,meningioma,meningioma,99.25
Te-me_195.jpg,meningioma,meningioma,99.2
Te-me_196.jpg,meningioma,meningioma,98.07
Te-me_197.jpg,meningioma,meningioma,98.91
Te-me_198.jpg,meningioma,meningioma,99.14
Te-me_199.jpg,meningioma,meningioma,69.95
Te-me_2.jpg,meningioma,meningioma,99.19
Te-me_20.jpg,meningioma,meningioma,98.96
Te-me_200.jpg,meningioma,meningioma,69.34
Te-me_201.jpg,meningioma,meningioma,98.48
Te-me_202.jpg,meningioma,meningioma,99.09
Te-me_203.jpg,meningioma,meningioma,91.47
Te-me_204.jpg,meningioma,meningioma,95.18
Te-me_205.jpg,meningioma,meningioma,99.26
Te-me_206.jpg,meningioma,meningioma,98.99
Te-me_207.jpg,meningioma,meningioma,99.26
Te-me_208.jpg,meningioma,meningioma,99.09
Te-me_209.jpg,meningioma,meningioma,84.25
Te-me_21.jpg,meningioma,meningioma,98.31
Te-me_210.jpg,meningioma,meningioma,97.99
Te-me_211.jpg,meningioma,meningioma,68.55
Te-me_212.jpg,meningioma,meningioma,99.56
Te-me_213.jpg,meningioma,meningioma,99.11
Te-me_214.jpg,meningioma,meningioma,99.25
Te-me_215.jpg,meningioma,meningioma,99.14
Te-me_216.jpg,meningioma,meningioma,99.11
Te-me_217.jpg,meningioma,meningioma,97.9
Te-me_218.jpg,meningioma,meningioma,69.71
Te-me_219.jpg,meningioma,meningioma,99.18
Te-me_22.jpg,meningioma,meningioma,99.18
Te-me_220.jpg,meningioma,meningioma,98.26
Te-me_221.jpg,meningioma,meningioma,89.83
Te-me_222.jpg,meningioma,meningioma,84.5
Te-me_223.jpg,meningioma,meningioma,99.18
Te-me_224.jpg,meningioma,meningioma,99.27
Te-me_225.jpg,meningioma,meningioma,97.34
Te-me_226.jpg,meningioma,meningioma,91.31
Te-me_227.jpg,meningioma,pituitary,93.01
Te-me_228.jpg,meningioma,meningioma,99.34
Te-me_229.jpg,meningioma,meningioma,99.57
Te-me_23.jpg,meningioma,meningioma,98.65
Te-me_230.jpg,meningioma,meningioma,99.28
Te-me_231.jpg,meningioma,meningioma,99.11
Te-me_232.jpg,meningioma,meningioma,99.09
Te-me_233.jpg,meningioma,meningioma,91.97
Te-me_234.jpg,meningioma,meningioma,99.41
Te-me_235.jpg,meningioma,meningioma,99.18
Te-me_236.jpg,meningioma,meningioma,99.54
Te-me_237.jpg,meningioma,meningioma,96.11
Te-me_238.jpg,meningioma,meningioma,98.04
Te-me_239.jpg,meningioma,meningioma,98.31
Te-me_24.jpg,meningioma,meningioma,97.81
Te-me_240.jpg,meningioma,pituitary,79.06
Te-me_241.jpg,meningioma,meningioma,99.35
Te-me_242.jpg,meningioma,meningioma,98.44
Te-me_243.jpg,meningioma,meningioma,99.19
Te-me_244.jpg,meningioma,meningioma,95.49
Te-me_245.jpg,meningioma,meningioma,83.38
Te-me_246.jpg,meningioma,meningioma,93.57
Te-me_247.jpg,meningioma,meningioma,98.4
Te-me_248.jpg,meningioma,meningioma,98.2
Te-me_249.jpg,meningioma,meningioma,99.49
Te-me_25.jpg,meningioma,meningioma,99.11
Te-me_250.jpg,meningioma,meningioma,88.94
Te-me_251.jpg,meningioma,meningioma,99.18
Te-me_252.jpg,meningioma,meningioma,99.21
Te-me_253.jpg,meningioma,meningioma,99.2
Te-me_254.jpg,meningioma,meningioma,99.58
Te-me_255.jpg,meningioma,pituitary,37.92
Te-me_256.jpg,meningioma,meningioma,66.55
Te-me_257.jpg,meningioma,meningioma,96.56
Te-me_258.jpg,meningioma,meningioma,59.59
Te-me_259.jpg,meningioma,meningioma,99.17
Te-me_26.jpg,meningioma,meningioma,99.24
Te-me_260.jpg,meningioma,meningioma,90.18
Te-me_261.jpg,meningioma,meningioma,97.49
Te-me_262.jpg,meningioma,meningioma,98.98
Te-me_263.jpg,meningioma,meningioma,94.61
Te-me_264.jpg,meningioma,glioma,92.3
Te-me_265.jpg,meningioma,meningioma,99.03
Te-me_266.jpg,meningioma,meningioma,99.29
Te-me_267.jpg,meningioma,meningioma,92.35
Te-me_268.jpg,meningioma,meningioma,91.38
Te-me_269.jpg,meningioma,meningioma,98.45
Te-me_27.jpg,meningioma,meningioma,98.88
Te-me_270.jpg,meningioma,meningioma,99.24
Te-me_271.jpg,meningioma,meningioma,99.76
Te-me_272.jpg,meningioma,meningioma,98.46
Te-me_273.jpg,meningioma,meningioma,92.37
Te-me_274.jpg,meningioma,meningioma,99.35
Te-me_275.jpg,meningioma,meningioma,97.08
Te-me_276.jpg,meningioma,meningioma,99.04
Te-me_277.jpg,meningioma,meningioma,99.2
Te-me_278.jpg,meningioma,meningioma,99.22
Te-me_279.jpg,meningioma,meningioma,99.11
Te-me_28.jpg,meningioma,meningioma,96.53
Te-me_280.jpg,meningioma,meningioma,99.03
Te-me_281.jpg,meningioma,meningioma,98.6
Te-me_282.jpg,meningioma,meningioma,97.11
Te-me_283.jpg,meningioma,meningioma,99.57
Te-me_284.jpg,meningioma,meningioma,75.63
Te-me_285.jpg,meningioma,meningioma,99.0
Te-me_286.jpg,meningioma,meningioma,99.98
Te-me_287.jpg,meningioma,meningioma,95.24
Te-me_288.jpg,meningioma,meningioma,98.97
Te-me_289.jpg,meningioma,meningioma,96.79
Te-me_29.jpg,meningioma,meningioma,99.2
Te-me_290.jpg,meningioma,meningioma,99.12
Te-me_291.jpg,meningioma,meningioma,92.99
Te-me_292.jpg,meningioma,glioma,71.51
Te-me_293.jpg,meningioma,meningioma,99.26
Te-me_294.jpg,meningioma,meningioma,97.35
Te-me_295.jpg,meningioma,pituitary,52.87
Te-me_296.jpg,meningioma,meningioma,99.14
Te-me_297.jpg,meningioma,meningioma,99.28
Te-me_3.jpg,meningioma,pituitary,71.56
Te-me_30.jpg,meningioma,meningioma,99.07
Te-me_31.jpg,meningioma,meningioma,99.33
Te-me_32.jpg,meningioma,meningioma,94.89
Te-me_33.jpg,meningioma,meningioma,99.36
Te-me_34.jpg,meningioma,meningioma,51.01
Te-me_35.jpg,meningioma,meningioma,97.02
Te-me_36.jpg,meningioma,meningioma,73.55
Te-me_37.jpg,meningioma,meningioma,99.18
Te-me_38.jpg,meningioma,meningioma,82.36
Te-me_39.jpg,meningioma,meningioma,99.15
Te-me_4.jpg,meningioma,meningioma,99.41
Te-me_40.jpg,meningioma,meningioma,98.81
Te-me_41.jpg,meningioma,meningioma,99.63
Te-me_42.jpg,meningioma,meningioma,99.27
Te-me_43.jpg,meningioma,meningioma,99.18
Te-me_44.jpg,meningioma,meningioma,96.04
Te-me_45.jpg,meningioma,notumor,71.69
Te-me_46.jpg,meningioma,meningioma,98.73
Te-me_47.jpg,meningioma,meningioma,99.36
Te-me_48.jpg,meningioma,meningioma,98.91
Te-me_49.jpg,meningioma,meningioma,99.08
Te-me_5.jpg,meningioma,meningioma,98.93
Te-me_50.jpg,meningioma,meningioma,99.33
Te-me_51.jpg,meningioma,meningioma,99.94
Te-me_52.jpg,meningioma,meningioma,99.34
Te-me_53.jpg,meningioma,meningioma,97.04
Te-me_54.jpg,meningioma,meningioma,99.09
Te-me_55.jpg,meningioma,meningioma,95.39
Te-me_56.jpg,meningioma,meningioma,93.88
Te-me_57.jpg,meningioma,meningioma,94.48
Te-me_58.jpg,meningioma,meningioma,99.62
Te-me_59.jpg,meningioma,meningioma,97.82
Te-me_6.jpg,meningioma,meningioma,64.29
Te-me_60.jpg,meningioma,meningioma,96.56
Te-me_61.jpg,meningioma,meningioma,99.46
Te-me_62.jpg,meningioma,meningioma,99.09
Te-me_63.jpg,meningioma,meningioma,99.47
Te-me_64.jpg,meningioma,meningioma,98.15
Te-me_65.jpg,meningioma,meningioma,73.23
Te-me_66.jpg,meningioma,meningioma,99.36
Te-me_67.jpg,meningioma,meningioma,87.95
Te-me_68.jpg,meningioma,meningioma,98.17
Te-me_69.jpg,meningioma,meningioma,88.88
Te-me_7.jpg,meningioma,meningioma,81.24
Te-me_70.jpg,meningioma,pituitary,52.87
Te-me_71.jpg,meningioma,meningioma,99.25
Te-me_72.jpg,meningioma,meningioma,94.42
Te-me_73.jpg,meningioma,meningioma,96.99
Te-me_74.jpg,meningioma,meningioma,98.31
Te-me_75.jpg,meningioma,meningioma,99.18
Te-me_76.jpg,meningioma,meningioma,88.63
Te-me_77.jpg,meningioma,meningioma,97.18
Te-me_78.jpg,meningioma,meningioma,97.25
Te-me_79.jpg,meningioma,meningioma,97.9
Te-me_8.jpg,meningioma,meningioma,99.1
Te-me_80.jpg,meningioma,meningioma,97.45
Te-me_81.jpg,meningioma,meningioma,99.18
Te-me_82.jpg,meningioma,meningioma,98.97
Te-me_83.jpg,meningioma,meningioma,99.41
Te-me_84.jpg,meningioma,meningioma,81.51
Te-me_85.jpg,meningioma,meningioma,92.43
Te-me_86.jpg,meningioma,meningioma,99.12
Te-me_87.jpg,meningioma,meningioma,95.98
Te-me_88.jpg,meningioma,meningioma,99.14
Te-me_89.jpg,meningioma,meningioma,89.91
Te-me_9.jpg,meningioma,meningioma,99.25
Te-me_90.jpg,meningioma,meningioma,96.25
Te-me_91.jpg,meningioma,meningioma,77.44
Te-me_92.jpg,meningioma,meningioma,95.27
Te-me_93.jpg,meningioma,meningioma,99.19
Te-me_94.jpg,meningioma,meningioma,99.1
Te-me_95.jpg,meningioma,meningioma,99.19
Te-me_96.jpg,meningioma,meningioma,99.45
Te-me_97.jpg,meningioma,meningioma,99.02
Te-me_98.jpg,meningioma,meningioma,96.96
Te-me_99.jpg,meningioma,meningioma,96.8
Te-no_1.jpg,notumor,notumor,99.23
Te-no_10.jpg,notumor,notumor,99.42
Te-no_100.jpg,notumor,notumor,99.28
Te-no_101.jpg,notumor,notumor,98.8
Te-no_102.jpg,notumor,notumor,99.76
Te-no_103.jpg,notumor,notumor,99.6
Te-no_104.jpg,notumor,notumor,99.39
Te-no_105.jpg,notumor,notumor,97.76
Te-no_106.jpg,notumor,notumor,99.32
Te-no_107.jpg,notumor,notumor,99.66
Te-no_108.jpg,notumor,notumor,98.61
Te-no_109.jpg,notumor,notumor,99.58
Te-no_11.jpg,notumor,notumor,99.82
Te-no_110.jpg,notumor,notumor,99.0
Te-no_111.jpg,notumor,notumor,99.62
Te-no_112.jpg,notumor,notumor,99.44
Te-no_113.jpg,notumor,notumor,99.79
Te-no_114.jpg,notumor,notumor,99.77
Te-no_115.jpg,notumor,notumor,99.07
Te-no_116.jpg,notumor,notumor,99.18
Te-no_117.jpg,notumor,notumor,98.77
Te-no_118.jpg,notumor,notumor,99.77
Te-no_119.jpg,notumor,notumor,99.24
Te-no_12.jpg,notumor,notumor,99.66
Te-no_120.jpg,notumor,notumor,99.49
Te-no_121.jpg,notumor,notumor,99.18
Te-no_122.jpg,notumor,notumor,99.76
Te-no_123.jpg,notumor,notumor,98.98
Te-no_124.jpg,notumor,notumor,98.17
Te-no_125.jpg,notumor,notumor,99.5
Te-no_126.jpg,notumor,notumor,98.86
Te-no_127.jpg,notumor,notumor,99.45
Te-no_128.jpg,notumor,notumor,98.55
Te-no_129.jpg,notumor,notumor,99.12
Te-no_13.jpg,notumor,notumor,98.65
Te-no_130.jpg,notumor,notumor,99.71
Te-no_131.jpg,notumor,notumor,99.11
Te-no_132.jpg,notumor,notumor,95.37
Te-no_133.jpg,notumor,notumor,98.81
Te-no_134.jpg,notumor,notumor,99.44
Te-no_135.jpg,notumor,notumor,98.73
Te-no_136.jpg,notumor,notumor,99.09
Te-no_137.jpg,notumor,notumor,99.79
Te-no_138.jpg,notumor,notumor,99.18
Te-no_139.jpg,notumor,notumor,99.87
Te-no_14.jpg,notumor,notumor,99.74
Te-no_140.jpg,notumor,notumor,99.78
Te-no_141.jpg,notumor,notumor,99.07
Te-no_142.jpg,notumor,notumor,99.57
Te-no_143.jpg,notumor,notumor,99.27
Te-no_144.jpg,notumor,notumor,100.0
Te-no_145.jpg,notumor,notumor,98.94
Te-no_146.jpg,notumor,notumor,99.52
Te-no_147.jpg,notumor,notumor,99.09
Te-no_148.jpg,notumor,notumor,99.74
Te-no_149.jpg,notumor,notumor,98.38
Te-no_15.jpg,notumor,notumor,99.45
Te-no_150.jpg,notumor,notumor,99.18
Te-no_151.jpg,notumor,notumor,99.28
Te-no_152.jpg,notumor,notumor,99.18
Te-no_153.jpg,notumor,notumor,99.62
Te-no_154.jpg,notumor,notumor,98.33
Te-no_155.jpg,notumor,notumor,99.0
Te-no_156.jpg,notumor,notumor,99.15
Te-no_157.jpg,notumor,notumor,98.44
Te-no_158.jpg,notumor,notumor,99.67
Te-no_159.jpg,notumor,notumor,99.18
Te-no_16.jpg,notumor,notumor,99.64
Te-no_160.jpg,notumor,notumor,99.24
Te-no_161.jpg,notumor,notumor,99.36
Te-no_162.jpg,notumor,notumor,99.28
Te-no_163.jpg,notumor,notumor,99.5
Te-no_164.jpg,notumor,notumor,98.82
Te-no_165.jpg,notumor,notumor,99.68
Te-no_166.jpg,notumor,notumor,99.79
Te-no_167.jpg,notumor,notumor,99.13
Te-no_168.jpg,notumor,notumor,99.74
Te-no_169.jpg,notumor,notumor,98.85
Te-no_17.jpg,notumor,notumor,99.28
Te-no_170.jpg,notumor,notumor,99.67
Te-no_171.jpg,notumor,notumor,99.68
Te-no_172.jpg,notumor,notumor,98.99
Te-no_173.jpg,notumor,notumor,99.48
Te-no_174.jpg,notumor,notumor,98.73
Te-no_175.jpg,notumor,notumor,98.87
Te-no_176.jpg,notumor,notumor,99.01
Te-no_177.jpg,notumor,notumor,99.58
Te-no_178.jpg,notumor,notumor,99.6
Te-no_179.jpg,notumor,notumor,100.0
Te-no_18.jpg,notumor,notumor,98.53
Te-no_180.jpg,notumor,notumor,99.36
Te-no_181.jpg,notumor,notumor,98.43
Te-no_182.jpg,notumor,notumor,99.21
Te-no_183.jpg,notumor,notumor,99.38
Te-no_184.jpg,notumor,notumor,99.73
Te-no_185.jpg,notumor,notumor,99.09
Te-no_186.jpg,notumor,notumor,100.0
Te-no_187.jpg,notumor,notumor,98.76
Te-no_188.jpg,notumor,notumor,99.05
Te-no_189.jpg,notumor,notumor,99.69
Te-no_19.jpg,notumor,notumor,98.96
Te-no_190.jpg,notumor,notumor,99.41
Te-no_191.jpg,notumor,notumor,98.89
Te-no_192.jpg,notumor,notumor,99.78
Te-no_193.jpg,notumor,notumor,99.0
Te-no_194.jpg,notumor,notumor,99.62
Te-no_195.jpg,notumor,notumor,99.43
Te-no_196.jpg,notumor,notumor,98.39
Te-no_197.jpg,notumor,notumor,98.7
Te-no_198.jpg,notumor,notumor,99.24
Te-no_199.jpg,notumor,notumor,98.24
Te-no_2.jpg,notumor,notumor,100.0
Te-no_20.jpg,notumor,notumor,98.69
Te-no_200.jpg,notumor,notumor,99.3
Te-no_201.jpg,notumor,notumor,99.51
Te-no_202.jpg,notumor,notumor,99.26
Te-no_203.jpg,notumor,notumor,98.57
Te-no_204.jpg,notumor,notumor,99.61
Te-no_205.jpg,notumor,notumor,99.18
Te-no_206.jpg,notumor,notumor,99.0
Te-no_207.jpg,notumor,notumor,99.78
Te-no_208.jpg,notumor,notumor,100.0
Te-no_209.jpg,notumor,notumor,99.57
Te-no_21.jpg,notumor,notumor,97.53
Te-no_210.jpg,notumor,notumor,98.49
Te-no_211.jpg,notumor,notumor,99.65
Te-no_212.jpg,notumor,notumor,98.99
Te-no_213.jpg,notumor,notumor,97.76
Te-no_214.jpg,notumor,notumor,99.14
Te-no_215.jpg,notumor,notumor,99.17
Te-no_216.jpg,notumor,notumor,99.21
Te-no_217.jpg,notumor,notumor,97.85
Te-no_218.jpg,notumor,notumor,99.78
Te-no_219.jpg,notumor,notumor,98.85
Te-no_22.jpg,notumor,notumor,99.21
Te-no_220.jpg,notumor,notumor,98.9
Te-no_221.jpg,notumor,notumor,99.69
Te-no_222.jpg,notumor,notumor,99.71
Te-no_223.jpg,notumor,notumor,99.69
Te-no_224.jpg,notumor,notumor,96.33
Te-no_225.jpg,notumor,notumor,99.12
Te-no_226.jpg,notumor,notumor,99.0
Te-no_227.jpg,notumor,notumor,99.85
Te-no_228.jpg,notumor,notumor,99.17
Te-no_229.jpg,notumor,notumor,99.37
Te-no_23.jpg,notumor,notumor,99.03
Te-no_230.jpg,notumor,notumor,99.49
Te-no_231.jpg,notumor,notumor,99.72
Te-no_232.jpg,notumor,notumor,99.32
Te-no_233.jpg,notumor,notumor,99.66
Te-no_234.jpg,notumor,notumor,98.79
Te-no_235.jpg,notumor,notumor,99.79
Te-no_236.jpg,notumor,notumor,99.19
Te-no_237.jpg,notumor,notumor,98.73
Te-no_238.jpg,notumor,notumor,99.26
Te-no_239.jpg,notumor,notumor,98.76
Te-no_24.jpg,notumor,notumor,98.55
Te-no_240.jpg,notumor,notumor,99.05
Te-no_241.jpg,notumor,notumor,98.86
Te-no_242.jpg,notumor,notumor,99.87
Te-no_243.jpg,notumor,notumor,99.23
Te-no_244.jpg,notumor,notumor,99.9
Te-no_245.jpg,notumor,notumor,99.69
Te-no_246.jpg,notumor,notumor,99.82
Te-no_247.jpg,notumor,notumor,100.0
Te-no_248.jpg,notumor,notumor,99.5
Te-no_249.jpg,notumor,notumor,99.05
Te-no_25.jpg,notumor,notumor,99.49
Te-no_250.jpg,notumor,notumor,98.88
Te-no_251.jpg,notumor,notumor,99.02
Te-no_252.jpg,notumor,notumor,99.66
Te-no_253.jpg,notumor,notumor,99.11
Te-no_254.jpg,notumor,notumor,99.28
Te-no_255.jpg,notumor,notumor,98.15
Te-no_256.jpg,notumor,notumor,98.45
Te-no_257.jpg,notumor,notumor,99.31
Te-no_258.jpg,notumor,notumor,100.0
Te-no_259.jpg,notumor,notumor,98.64
Te-no_26.jpg,notumor,notumor,99.47
Te-no_260.jpg,notumor,notumor,99.82
Te-no_261.jpg,notumor,notumor,98.52
Te-no_262.jpg,notumor,notumor,99.73
Te-no_263.jpg,notumor,notumor,99.42
Te-no_264.jpg,notumor,notumor,99.83
Te-no_265.jpg,notumor,notumor,98.96
Te-no_266.jpg,notumor,notumor,99.84
Te-no_267.jpg,notumor,notumor,99.19
Te-no_268.jpg,notumor,notumor,98.56
Te-no_269.jpg,notumor,notumor,98.92
Te-no_27.jpg,notumor,notumor,98.88
Te-no_270.jpg,notumor,notumor,99.53
Te-no_271.jpg,notumor,notumor,99.71
Te-no_272.jpg,notumor,notumor,98.67
Te-no_273.jpg,notumor,notumor,99.14
Te-no_274.jpg,notumor,notumor,98.54
Te-no_275.jpg,notumor,notumor,99.82
Te-no_276.jpg,notumor,notumor,99.36
Te-no_277.jpg,notumor,notumor,99.2
Te-no_278.jpg,notumor,notumor,99.31
Te-no_279.jpg,notumor,notumor,99.34
Te-no_28.jpg,notumor,notumor,99.26
Te-no_280.jpg,notumor,notumor,90.13
Te-no_281.jpg,notumor,notumor,98.77
Te-no_282.jpg,notumor,notumor,99.81
Te-no_283.jpg,notumor,notumor,99.64
Te-no_284.jpg,notumor,notumor,99.27
Te-no_285.jpg,notumor,notumor,99.63
Te-no_286.jpg,notumor,notumor,98.67
Te-no_287.jpg,notumor,notumor,99.74
Te-no_288.jpg,notumor,notumor,98.61
Te-no_289.jpg,notumor,notumor,99.18
Te-no_29.jpg,notumor,notumor,98.7
Te-no_290.jpg,notumor,notumor,98.71
Te-no_291.jpg,notumor,notumor,99.14
Te-no_292.jpg,notumor,notumor,99.09
Te-no_293.jpg,notumor,notumor,98.94
Te-no_294.jpg,notumor,notumor,99.08
Te-no_295.jpg,notumor,notumor,99.69
Te-no_296.jpg,notumor,notumor,99.86
Te-no_297.jpg,notumor,notumor,99.31
Te-no_298.jpg,notumor,notumor,99.3
Te-no_299.jpg,notumor,notumor,100.0
Te-no_3.jpg,notumor,notumor,99.61
Te-no_30.jpg,notumor,notumor,98.3
Te-no_300.jpg,notumor,notumor,99.21
Te-no_301.jpg,notumor,notumor,99.71
Te-no_302.jpg,notumor,notumor,98.98
Te-no_303.jpg,notumor,notumor,98.8
Te-no_304.jpg,notumor,notumor,99.21
Te-no_305.jpg,notumor,notumor,98.92
Te-no_306.jpg,notumor,notumor,98.35
Te-no_307.jpg,notumor,notumor,99.69
Te-no_308.jpg,notumor,notumor,99.69
Te-no_309.jpg,notumor,notumor,99.25
Te-no_31.jpg,notumor,notumor,98.85
Te-no_310.jpg,notumor,notumor,99.15
Te-no_311.jpg,notumor,notumor,98.83
Te-no_312.jpg,notumor,notumor,100.0
Te-no_313.jpg,notumor,notumor,100.0
Te-no_314.jpg,notumor,notumor,99.84
Te-no_315.jpg,notumor,notumor,99.5
Te-no_316.jpg,notumor,notumor,99.11
Te-no_317.jpg,notumor,notumor,99.87
Te-no_318.jpg,notumor,notumor,99.57
Te-no_319.jpg,notumor,notumor,99.36
Te-no_32.jpg,notumor,notumor,98.83
Te-no_320.jpg,notumor,notumor,99.27
Te-no_321.jpg,notumor,notumor,99.23
Te-no_322.jpg,notumor,notumor,99.54
Te-no_323.jpg,notumor,notumor,99.7
Te-no_324.jpg,notumor,notumor,98.92
Te-no_325.jpg,notumor,notumor,100.0
Te-no_326.jpg,notumor,notumor,99.85
Te-no_327.jpg,notumor,notumor,99.4
Te-no_328.jpg,notumor,notumor,98.43
Te-no_329.jpg,notumor,notumor,98.52
Te-no_33.jpg,notumor,notumor,99.26
Te-no_330.jpg,notumor,notumor,99.43
Te-no_331.jpg,notumor,notumor,98.96
Te-no_332.jpg,notumor,notumor,99.12
Te-no_333.jpg,notumor,notumor,99.05
Te-no_334.jpg,notumor,notumor,99.65
Te-no_335.jpg,notumor,notumor,99.26
Te-no_336.jpg,notumor,notumor,99.34
Te-no_337.jpg,notumor,notumor,97.3
Te-no_338.jpg,notumor,notumor,99.32
Te-no_339.jpg,notumor,notumor,99.91
Te-no_34.jpg,notumor,notumor,99.56
Te-no_340.jpg,notumor,notumor,99.34
Te-no_341.jpg,notumor,notumor,98.58
Te-no_342.jpg,notumor,notumor,98.86
Te-no_343.jpg,notumor,notumor,88.55
Te-no_344.jpg,notumor,notumor,99.31
Te-no_345.jpg,notumor,notumor,99.28
Te-no_346.jpg,notumor,notumor,98.63
Te-no_347.jpg,notumor,notumor,98.89
Te-no_348.jpg,notumor,notumor,99.4
Te-no_349.jpg,notumor,notumor,98.99
Te-no_35.jpg,notumor,notumor,99.65
Te-no_350.jpg,notumor,notumor,99.08
Te-no_351.jpg,notumor,notumor,99.21
Te-no_352.jpg,notumor,notumor,98.88
Te-no_353.jpg,notumor,notumor,98.55
Te-no_354.jpg,notumor,notumor,92.59
Te-no_355.jpg,notumor,notumor,99.7
Te-no_356.jpg,notumor,notumor,99.15
Te-no_357.jpg,notumor,notumor,99.65
Te-no_358.jpg,notumor,notumor,99.59
Te-no_359.jpg,notumor,notumor,99.8
Te-no_36.jpg,notumor,notumor,99.16
Te-no_360.jpg,notumor,notumor,100.0
Te-no_361.jpg,notumor,notumor,99.46
Te-no_362.jpg,notumor,notumor,98.97
Te-no_363.jpg,notumor,notumor,99.42
Te-no_364.jpg,notumor,notumor,100.0
Te-no_365.jpg,notumor,notumor,99.43
Te-no_366.jpg,notumor,notumor,99.8
Te-no_367.jpg,notumor,notumor,99.71
Te-no_368.jpg,notumor,notumor,98.13
Te-no_369.jpg,notumor,notumor,99.38
Te-no_37.jpg,notumor,notumor,99.16
Te-no_370.jpg,notumor,notumor,98.4
Te-no_371.jpg,notumor,notumor,99.4
Te-no_372.jpg,notumor,notumor,99.77
Te-no_373.jpg,notumor,notumor,98.66
Te-no_374.jpg,notumor,notumor,98.5
Te-no_375.jpg,notumor,notumor,98.98
Te-no_376.jpg,notumor,notumor,99.49
Te-no_377.jpg,notumor,notumor,97.85
Te-no_378.jpg,notumor,notumor,98.91
Te-no_379.jpg,notumor,notumor,99.52
Te-no_38.jpg,notumor,notumor,98.88
Te-no_380.jpg,notumor,notumor,99.42
Te-no_381.jpg,notumor,notumor,99.03
Te-no_382.jpg,notumor,notumor,99.24
Te-no_383.jpg,notumor,notumor,99.73
Te-no_384.jpg,notumor,notumor,99.66
Te-no_385.jpg,notumor,notumor,99.33
Te-no_386.jpg,notumor,notumor,97.06
Te-no_387.jpg,notumor,notumor,98.79
Te-no_388.jpg,notumor,notumor,99.75
Te-no_389.jpg,notumor,notumor,99.0
Te-no_39.jpg,notumor,notumor,99.02
Te-no_390.jpg,notumor,notumor,99.9
Te-no_391.jpg,notumor,notumor,99.86
Te-no_392.jpg,notumor,notumor,99.53
Te-no_393.jpg,notumor,notumor,98.92
Te-no_394.jpg,notumor,notumor,99.06
Te-no_395.jpg,notumor,notumor,99.07
Te-no_396.jpg,notumor,notumor,99.03
Te-no_397.jpg,notumor,notumor,99.59
Te-no_398.jpg,notumor,notumor,97.44
Te-no_399.jpg,notumor,notumor,99.18
Te-no_4.jpg,notumor,notumor,99.18
Te-no_40.jpg,notumor,notumor,99.68
Te-no_400.jpg,notumor,notumor,99.74
Te-no_41.jpg,notumor,notumor,99.23
Te-no_42.jpg,notumor,notumor,99.14
Te-no_43.jpg,notumor,notumor,99.21
Te-no_44.jpg,notumor,notumor,99.77
Te-no_45.jpg,notumor,notumor,99.52
Te-no_46.jpg,notumor,notumor,98.68
Te-no_47.jpg,notumor,notumor,99.59
Te-no_48.jpg,notumor,notumor,99.15
Te-no_49.jpg,notumor,notumor,97.52
Te-no_5.jpg,notumor,notumor,99.66
Te-no_50.jpg,notumor,notumor,99.66
Te-no_51.jpg,notumor,notumor,98.84
Te-no_52.jpg,notumor,notumor,98.79
Te-no_53.jpg,notumor,notumor,99.57
Te-no_54.jpg,notumor,notumor,98.58
Te-no_55.jpg,notumor,notumor,98.37
Te-no_56.jpg,notumor,notumor,100.0
Te-no_57.jpg,notumor,notumor,99.82
Te-no_58.jpg,notumor,notumor,98.78
Te-no_59.jpg,notumor,notumor,99.76
Te-no_6.jpg,notumor,notumor,99.62
Te-no_60.jpg,notumor,notumor,98.97
Te-no_61.jpg,notumor,notumor,99.62
Te-no_62.jpg,notumor,notumor,99.61
Te-no_63.jpg,notumor,notumor,99.27
Te-no_64.jpg,notumor,notumor,98.89
Te-no_65.jpg,notumor,notumor,98.67
Te-no_66.jpg,notumor,notumor,98.82
Te-no_67.jpg,notumor,notumor,99.53
Te-no_68.jpg,notumor,notumor,99.81
Te-no_69.jpg,notumor,notumor,98.86
Te-no_7.jpg,notumor,notumor,99.26
Te-no_70.jpg,notumor,notumor,98.2
Te-no_71.jpg,notumor,notumor,98.28
Te-no_72.jpg,notumor,notumor,99.15
Te-no_73.jpg,notumor,notumor,99.21
Te-no_74.jpg,notumor,notumor,99.62
Te-no_75.jpg,notumor,notumor,96.93
Te-no_76.jpg,notumor,notumor,99.27
Te-no_77.jpg,notumor,notumor,99.18
Te-no_78.jpg,notumor,notumor,99.2
Te-no_79.jpg,notumor,notumor,97.64
Te-no_8.jpg,notumor,notumor,99.77
Te-no_80.jpg,notumor,notumor,99.5
Te-no_81.jpg,notumor,notumor,99.79
Te-no_82.jpg,notumor,notumor,98.99
Te-no_83.jpg,notumor,notumor,99.15
Te-no_84.jpg,notumor,notumor,99.69
Te-no_85.jpg,notumor,notumor,99.45
Te-no_86.jpg,notumor,notumor,99.63
Te-no_87.jpg,notumor,notumor,99.28
Te-no_88.jpg,notumor,notumor,99.42
Te-no_89.jpg,notumor,notumor,98.53
Te-no_9.jpg,notumor,notumor,87.34
Te-no_90.jpg,notumor,notumor,99.7
Te-no_91.jpg,notumor,notumor,99.67
Te-no_92.jpg,notumor,notumor,99.17
Te-no_93.jpg,notumor,notumor,99.25
Te-no_94.jpg,notumor,notumor,99.05
Te-no_95.jpg,notumor,notumor,100.0
Te-no_96.jpg,notumor,notumor,99.27
Te-no_97.jpg,notumor,notumor,99.04
Te-no_98.jpg,notumor,notumor,98.97
Te-no_99.jpg,notumor,notumor,99.17
Te-pi_1.jpg,pituitary,pituitary,99.4
Te-pi_10.jpg,pituitary,pituitary,97.31
Te-pi_100.jpg,pituitary,pituitary,99.8
Te-pi_101.jpg,pituitary,pituitary,99.1
Te-pi_102.jpg,pituitary,pituitary,100.0
Te-pi_103.jpg,pituitary,pituitary,95.91
Te-pi_104.jpg,pituitary,pituitary,99.76
Te-pi_105.jpg,pituitary,pituitary,92.76
Te-pi_106.jpg,pituitary,pituitary,99.84
Te-pi_107.jpg,pituitary,pituitary,98.78
Te-pi_108.jpg,pituitary,pituitary,100.0
Te-pi_109.jpg,pituitary,pituitary,99.57
Te-pi_11.jpg,pituitary,pituitary,93.95
Te-pi_110.jpg,pituitary,pituitary,95.95
Te-pi_111.jpg,pituitary,pituitary,96.35
Te-pi_112.jpg,pituitary,pituitary,98.34
Te-pi_113.jpg,pituitary,pituitary,96.78
Te-pi_114.jpg,pituitary,pituitary,97.54
Te-pi_115.jpg,pituitary,pituitary,100.0
Te-pi_116.jpg,pituitary,pituitary,99.18
Te-pi_117.jpg,pituitary,pituitary,99.73
Te-pi_118.jpg,pituitary,pituitary,100.0
Te-pi_119.jpg,pituitary,pituitary,99.75
Te-pi_12.jpg,pituitary,pituitary,100.0
Te-pi_120.jpg,pituitary,pituitary,98.6
Te-pi_121.jpg,pituitary,pituitary,100.0
Te-pi_122.jpg,pituitary,pituitary,99.58
Te-pi_123.jpg,pituitary,pituitary,99.66
Te-pi_124.jpg,pituitary,pituitary,99.52
Te-pi_125.jpg,pituitary,pituitary,100.0
Te-pi_126.jpg,pituitary,pituitary,97.75
Te-pi_127.jpg,pituitary,pituitary,99.34
Te-pi_128.jpg,pituitary,pituitary,99.21
Te-pi_129.jpg,pituitary,pituitary,97.71
Te-pi_13.jpg,pituitary,pituitary,98.22
Te-pi_130.jpg,pituitary,pituitary,99.63
Te-pi_131.jpg,pituitary,pituitary,84.3
Te-pi_132.jpg,pituitary,pituitary,97.31
Te-pi_133.jpg,pituitary,pituitary,97.48
Te-pi_134.jpg,pituitary,pituitary,72.25
Te-pi_135.jpg,pituitary,pituitary,98.8
Te-pi_136.jpg,pituitary,pituitary,98.94
Te-pi_137.jpg,pituitary,pituitary,99.62
Te-pi_138.jpg,pituitary,pituitary,98.8
Te-pi_139.jpg,pituitary,pituitary,99.12
Te-pi_14.jpg,pituitary,pituitary,99.55
Te-pi_140.jpg,pituitary,pituitary,92.17
Te-pi_141.jpg,pituitary,pituitary,99.39
Te-pi_142.jpg,pituitary,meningioma,93.76
Te-pi_143.jpg,pituitary,pituitary,98.86
Te-pi_144.jpg,pituitary,pituitary,99.84
Te-pi_145.jpg,pituitary,pituitary,96.08
Te-pi_146.jpg,pituitary,pituitary,99.24
Te-pi_147.jpg,pituitary,pituitary,99.33
Te-pi_148.jpg,pituitary,pituitary,99.17
Te-pi_149.jpg,pituitary,pituitary,99.41
Te-pi_15.jpg,pituitary,pituitary,98.25
Te-pi_150.jpg,pituitary,pituitary,100.0
Te-pi_151.jpg,pituitary,pituitary,99.48
Te-pi_152.jpg,pituitary,pituitary,100.0
Te-pi_153.jpg,pituitary,pituitary,97.62
Te-pi_154.jpg,pituitary,pituitary,84.68
Te-pi_155.jpg,pituitary,pituitary,98.03
Te-pi_156.jpg,pituitary,pituitary,65.0
Te-pi_157.jpg,pituitary,pituitary,99.79
Te-pi_158.jpg,pituitary,pituitary,99.43
Te-pi_159.jpg,pituitary,pituitary,98.79
Te-pi_16.jpg,pituitary,pituitary,99.32
Te-pi_160.jpg,pituitary,pituitary,99.72
Te-pi_161.jpg,pituitary,pituitary,99.62
Te-pi_162.jpg,pituitary,pituitary,99.55
Te-pi_163.jpg,pituitary,pituitary,93.84
Te-pi_164.jpg,pituitary,pituitary,99.42
Te-pi_165.jpg,pituitary,pituitary,100.0
Te-pi_166.jpg,pituitary,pituitary,99.79
Te-pi_167.jpg,pituitary,pituitary,98.29
Te-pi_168.jpg,pituitary,pituitary,99.52
Te-pi_169.jpg,pituitary,pituitary,100.0
Te-pi_17.jpg,pituitary,pituitary,99.03
Te-pi_170.jpg,pituitary,pituitary,98.61
Te-pi_171.jpg,pituitary,pituitary,79.58
Te-pi_172.jpg,pituitary,pituitary,98.73
Te-pi_173.jpg,pituitary,pituitary,99.57
Te-pi_174.jpg,pituitary,pituitary,100.0
Te-pi_175.jpg,pituitary,pituitary,99.53
Te-pi_176.jpg,pituitary,pituitary,99.46
Te-pi_177.jpg,pituitary,pituitary,99.7
Te-pi_178.jpg,pituitary,pituitary,95.04
Te-pi_179.jpg,pituitary,pituitary,95.34
Te-pi_18.jpg,pituitary,pituitary,96.77
Te-pi_180.jpg,pituitary,pituitary,99.06
Te-pi_181.jpg,pituitary,pituitary,99.59
Te-pi_182.jpg,pituitary,pituitary,99.45
Te-pi_183.jpg,pituitary,pituitary,99.54
Te-pi_184.jpg,pituitary,pituitary,89.46
Te-pi_185.jpg,pituitary,pituitary,100.0
Te-pi_186.jpg,pituitary,pituitary,99.51
Te-pi_187.jpg,pituitary,pituitary,98.45
Te-pi_188.jpg,pituitary,pituitary,93.38
Te-pi_189.jpg,pituitary,pituitary,100.0
Te-pi_19.jpg,pituitary,pituitary,99.5
Te-pi_190.jpg,pituitary,pituitary,94.85
Te-pi_191.jpg,pituitary,pituitary,80.21
Te-pi_192.jpg,pituitary,pituitary,88.37
Te-pi_193.jpg,pituitary,pituitary,99.76
Te-pi_194.jpg,pituitary,pituitary,99.22
Te-pi_195.jpg,pituitary,pituitary,99.02
Te-pi_196.jpg,pituitary,pituitary,99.4
Te-pi_197.jpg,pituitary,pituitary,99.67
Te-pi_198.jpg,pituitary,pituitary,99.26
Te-pi_199.jpg,pituitary,pituitary,99.82
Te-pi_2.jpg,pituitary,pituitary,96.51
Te-pi_20.jpg,pituitary,pituitary,52.33
Te-pi_200.jpg,pituitary,pituitary,99.63
Te-pi_201.jpg,pituitary,pituitary,97.19
Te-pi_202.jpg,pituitary,pituitary,100.0
Te-pi_203.jpg,pituitary,pituitary,99.78
Te-pi_204.jpg,pituitary,pituitary,99.63
Te-pi_205.jpg,pituitary,pituitary,99.65
Te-pi_206.jpg,pituitary,pituitary,90.43
Te-pi_207.jpg,pituitary,pituitary,99.06
Te-pi_208.jpg,pituitary,pituitary,94.36
Te-pi_209.jpg,pituitary,glioma,67.54
Te-pi_21.jpg,pituitary,pituitary,77.41
Te-pi_210.jpg,pituitary,pituitary,95.33
Te-pi_211.jpg,pituitary,pituitary,98.79
Te-pi_212.jpg,pituitary,pituitary,99.07
Te-pi_213.jpg,pituitary,pituitary,100.0
Te-pi_214.jpg,pituitary,pituitary,99.25
Te-pi_215.jpg,pituitary,pituitary,99.88
Te-pi_216.jpg,pituitary,pituitary,99.47
Te-pi_217.jpg,pituitary,pituitary,94.09
Te-pi_218.jpg,pituitary,pituitary,99.65
Te-pi_219.jpg,pituitary,pituitary,97.95
Te-pi_22.jpg,pituitary,pituitary,44.76
Te-pi_220.jpg,pituitary,pituitary,94.01
Te-pi_221.jpg,pituitary,pituitary,98.91
Te-pi_222.jpg,pituitary,pituitary,98.13
Te-pi_223.jpg,pituitary,pituitary,98.81
Te-pi_224.jpg,pituitary,pituitary,82.27
Te-pi_225.jpg,pituitary,pituitary,76.36
Te-pi_226.jpg,pituitary,pituitary,99.15
Te-pi_227.jpg,pituitary,pituitary,91.29
Te-pi_228.jpg,pituitary,pituitary,100.0
Te-pi_229.jpg,pituitary,pituitary,99.03
Te-pi_23.jpg,pituitary,pituitary,99.72
Te-pi_230.jpg,pituitary,pituitary,99.76
Te-pi_231.jpg,pituitary,pituitary,100.0
Te-pi_232.jpg,pituitary,pituitary,99.87
Te-pi_233.jpg,pituitary,pituitary,100.0
Te-pi_234.jpg,pituitary,pituitary,100.0
Te-pi_235.jpg,pituitary,pituitary,100.0
Te-pi_236.jpg,pituitary,pituitary,100.0
Te-pi_237.jpg,pituitary,pituitary,91.48
Te-pi_238.jpg,pituitary,pituitary,99.47
Te-pi_239.jpg,pituitary,pituitary,92.44
Te-pi_24.jpg,pituitary,pituitary,100.0
Te-pi_240.jpg,pituitary,pituitary,100.0
Te-pi_241.jpg,pituitary,pituitary,56.72
Te-pi_242.jpg,pituitary,pituitary,89.87
Te-pi_243.jpg,pituitary,pituitary,96.39
Te-pi_244.jpg,pituitary,pituitary,99.19
Te-pi_245.jpg,pituitary,pituitary,99.82
Te-pi_246.jpg,pituitary,pituitary,100.0
Te-pi_247.jpg,pituitary,pituitary,99.8
Te-pi_248.jpg,pituitary,pituitary,98.28
Te-pi_249.jpg,pituitary,pituitary,93.24
Te-pi_25.jpg,pituitary,pituitary,99.2
Te-pi_250.jpg,pituitary,pituitary,100.0
Te-pi_251.jpg,pituitary,pituitary,99.61
Te-pi_252.jpg,pituitary,pituitary,99.76
Te-pi_253.jpg,pituitary,pituitary,89.28
Te-pi_254.jpg,pituitary,pituitary,92.38
Te-pi_255.jpg,pituitary,pituitary,99.55
Te-pi_256.jpg,pituitary,pituitary,99.63
Te-pi_257.jpg,pituitary,pituitary,53.47
Te-pi_258.jpg,pituitary,pituitary,99.64
Te-pi_259.jpg,pituitary,pituitary,99.43
Te-pi_26.jpg,pituitary,meningioma,87.92
Te-pi_260.jpg,pituitary,pituitary,99.65
Te-pi_261.jpg,pituitary,pituitary,99.33
Te-pi_262.jpg,pituitary,pituitary,95.39
Te-pi_263.jpg,pituitary,pituitary,100.0
Te-pi_264.jpg,pituitary,pituitary,99.39
Te-pi_265.jpg,pituitary,pituitary,86.66
Te-pi_266.jpg,pituitary,pituitary,99.72
Te-pi_267.jpg,pituitary,pituitary,99.51
Te-pi_268.jpg,pituitary,pituitary,100.0
Te-pi_269.jpg,pituitary,pituitary,99.54
Te-pi_27.jpg,pituitary,pituitary,81.66
Te-pi_270.jpg,pituitary,pituitary,98.77
Te-pi_271.jpg,pituitary,pituitary,100.0
Te-pi_272.jpg,pituitary,pituitary,99.49
Te-pi_273.jpg,pituitary,pituitary,92.91
Te-pi_274.jpg,pituitary,pituitary,96.6
Te-pi_275.jpg,pituitary,pituitary,99.6
Te-pi_276.jpg,pituitary,pituitary,98.84
Te-pi_277.jpg,pituitary,pituitary,100.0
Te-pi_278.jpg,pituitary,pituitary,99.63
Te-pi_279.jpg,pituitary,pituitary,96.46
Te-pi_28.jpg,pituitary,pituitary,100.0
Te-pi_280.jpg,pituitary,pituitary,99.02
Te-pi_281.jpg,pituitary,pituitary,99.78
Te-pi_282.jpg,pituitary,pituitary,99.39
Te-pi_283.jpg,pituitary,pituitary,100.0
Te-pi_284.jpg,pituitary,pituitary,99.47
Te-pi_285.jpg,pituitary,pituitary,99.35
Te-pi_286.jpg,pituitary,pituitary,98.84
Te-pi_287.jpg,pituitary,pituitary,100.0
Te-pi_288.jpg,pituitary,pituitary,99.4
Te-pi_289.jpg,pituitary,pituitary,71.32
Te-pi_29.jpg,pituitary,pituitary,99.06
Te-pi_290.jpg,pituitary,pituitary,99.7
Te-pi_291.jpg,pituitary,pituitary,65.88
Te-pi_292.jpg,pituitary,pituitary,98.96
Te-pi_293.jpg,pituitary,pituitary,99.22
Te-pi_294.jpg,pituitary,pituitary,91.68
Te-pi_295.jpg,pituitary,pituitary,99.8
Te-pi_296.jpg,pituitary,pituitary,99.62
Te-pi_297.jpg,pituitary,pituitary,99.36
Te-pi_298.jpg,pituitary,pituitary,99.43
Te-pi_299.jpg,pituitary,pituitary,98.25
Te-pi_3.jpg,pituitary,pituitary,99.63
Te-pi_30.jpg,pituitary,pituitary,93.42
Te-pi_300.jpg,pituitary,pituitary,98.46
Te-pi_301.jpg,pituitary,pituitary,100.0
Te-pi_302.jpg,pituitary,pituitary,98.95
Te-pi_303.jpg,pituitary,pituitary,96.19
Te-pi_304.jpg,pituitary,pituitary,97.03
Te-pi_305.jpg,pituitary,pituitary,99.64
Te-pi_306.jpg,pituitary,pituitary,99.82
Te-pi_307.jpg,pituitary,pituitary,99.37
Te-pi_308.jpg,pituitary,pituitary,99.72
Te-pi_309.jpg,pituitary,pituitary,99.47
Te-pi_31.jpg,pituitary,pituitary,99.16
Te-pi_310.jpg,pituitary,pituitary,100.0
Te-pi_311.jpg,pituitary,pituitary,99.8
Te-pi_312.jpg,pituitary,pituitary,100.0
Te-pi_313.jpg,pituitary,pituitary,89.91
Te-pi_314.jpg,pituitary,pituitary,99.53
Te-pi_315.jpg,pituitary,pituitary,98.27
Te-pi_316.jpg,pituitary,pituitary,99.62
Te-pi_317.jpg,pituitary,pituitary,99.7
Te-pi_318.jpg,pituitary,pituitary,99.32
Te-pi_319.jpg,pituitary,pituitary,100.0
Te-pi_32.jpg,pituitary,pituitary,54.79
Te-pi_320.jpg,pituitary,pituitary,99.36
Te-pi_321.jpg,pituitary,pituitary,99.75
Te-pi_322.jpg,pituitary,pituitary,99.52
Te-pi_323.jpg,pituitary,meningioma,93.9
Te-pi_324.jpg,pituitary,pituitary,93.92
Te-pi_325.jpg,pituitary,pituitary,98.32
Te-pi_326.jpg,pituitary,pituitary,99.86
Te-pi_327.jpg,pituitary,pituitary,99.57
Te-pi_328.jpg,pituitary,pituitary,99.7
Te-pi_329.jpg,pituitary,pituitary,97.95
Te-pi_33.jpg,pituitary,pituitary,100.0
Te-pi_330.jpg,pituitary,pituitary,93.16
Te-pi_331.jpg,pituitary,pituitary,96.84
Te-pi_332.jpg,pituitary,pituitary,100.0
Te-pi_333.jpg,pituitary,pituitary,93.17
Te-pi_334.jpg,pituitary,pituitary,98.82
Te-pi_335.jpg,pituitary,pituitary,95.07
Te-pi_336.jpg,pituitary,pituitary,100.0
Te-pi_337.jpg,pituitary,pituitary,98.16
Te-pi_338.jpg,pituitary,pituitary,98.68
Te-pi_339.jpg,pituitary,pituitary,99.5
Te-pi_34.jpg,pituitary,pituitary,99.3
Te-pi_340.jpg,pituitary,pituitary,98.9
Te-pi_341.jpg,pituitary,pituitary,79.18
Te-pi_342.jpg,pituitary,pituitary,98.66
Te-pi_343.jpg,pituitary,pituitary,99.07
Te-pi_344.jpg,pituitary,pituitary,99.31
Te-pi_345.jpg,pituitary,pituitary,99.44
Te-pi_346.jpg,pituitary,pituitary,91.26
Te-pi_347.jpg,pituitary,pituitary,94.16
Te-pi_348.jpg,pituitary,pituitary,99.57
Te-pi_349.jpg,pituitary,meningioma,75.94
Te-pi_35.jpg,pituitary,pituitary,99.07
Te-pi_350.jpg,pituitary,pituitary,99.12
Te-pi_351.jpg,pituitary,pituitary,99.68
Te-pi_352.jpg,pituitary,pituitary,86.83
Te-pi_353.jpg,pituitary,pituitary,99.71
Te-pi_354.jpg,pituitary,pituitary,99.83
Te-pi_355.jpg,pituitary,pituitary,100.0
Te-pi_356.jpg,pituitary,pituitary,100.0
Te-pi_357.jpg,pituitary,pituitary,97.01
Te-pi_358.jpg,pituitary,pituitary,99.46
Te-pi_359.jpg,pituitary,pituitary,99.79
Te-pi_36.jpg,pituitary,pituitary,97.01
Te-pi_360.jpg,pituitary,pituitary,100.0
Te-pi_361.jpg,pituitary,pituitary,100.0
Te-pi_362.jpg,pituitary,pituitary,66.01
Te-pi_363.jpg,pituitary,pituitary,83.65
Te-pi_364.jpg,pituitary,pituitary,96.21
Te-pi_365.jpg,pituitary,pituitary,99.08
Te-pi_366.jpg,pituitary,pituitary,100.0
Te-pi_367.jpg,pituitary,pituitary,66.38
Te-pi_368.jpg,pituitary,pituitary,97.87
Te-pi_369.jpg,pituitary,pituitary,100.0
Te-pi_37.jpg,pituitary,pituitary,96.64
Te-pi_370.jpg,pituitary,pituitary,99.69
Te-pi_371.jpg,pituitary,pituitary,98.17
Te-pi_372.jpg,pituitary,pituitary,89.32
Te-pi_373.jpg,pituitary,pituitary,99.6
Te-pi_374.jpg,pituitary,pituitary,98.16
Te-pi_375.jpg,pituitary,pituitary,99.21
Te-pi_376.jpg,pituitary,pituitary,99.74
Te-pi_377.jpg,pituitary,pituitary,99.24
Te-pi_378.jpg,pituitary,pituitary,99.78
Te-pi_379.jpg,pituitary,pituitary,100.0
Te-pi_38.jpg,pituitary,pituitary,100.0
Te-pi_380.jpg,pituitary,pituitary,96.45
Te-pi_381.jpg,pituitary,pituitary,99.52
Te-pi_382.jpg,pituitary,pituitary,99.86
Te-pi_383.jpg,pituitary,pituitary,98.09
Te-pi_384.jpg,pituitary,pituitary,98.39
Te-pi_385.jpg,pituitary,pituitary,91.07
Te-pi_386.jpg,pituitary,pituitary,100.0
Te-pi_387.jpg,pituitary,pituitary,99.62
Te-pi_388.jpg,pituitary,pituitary,99.22
Te-pi_389.jpg,pituitary,pituitary,99.12
Te-pi_39.jpg,pituitary,pituitary,98.69
Te-pi_390.jpg,pituitary,pituitary,98.45
Te-pi_391.jpg,pituitary,pituitary,98.52
Te-pi_392.jpg,pituitary,pituitary,97.35
Te-pi_393.jpg,pituitary,pituitary,88.97
Te-pi_394.jpg,pituitary,pituitary,100.0
Te-pi_395.jpg,pituitary,pituitary,91.73
Te-pi_396.jpg,pituitary,pituitary,100.0
Te-pi_397.jpg,pituitary,pituitary,99.69
Te-pi_398.jpg,pituitary,pituitary,99.82
Te-pi_399.jpg,pituitary,pituitary,97.96
Te-pi_4.jpg,pituitary,pituitary,89.33
Te-pi_40.jpg,pituitary,pituitary,99.18
Te-pi_400.jpg,pituitary,pituitary,99.31
Te-pi_41.jpg,pituitary,pituitary,92.95
Te-pi_42.jpg,pituitary,pituitary,99.41
Te-pi_43.jpg,pituitary,pituitary,99.46
Te-pi_44.jpg,pituitary,pituitary,99.64
Te-pi_45.jpg,pituitary,pituitary,97.83
Te-pi_46.jpg,pituitary,pituitary,65.4
Te-pi_47.jpg,pituitary,pituitary,99.42
Te-pi_48.jpg,pituitary,pituitary,86.83
Te-pi_49.jpg,pituitary,pituitary,90.68
Te-pi_5.jpg,pituitary,pituitary,99.15
Te-pi_50.jpg,pituitary,pituitary,94.35
Te-pi_51.jpg,pituitary,pituitary,99.16
Te-pi_52.jpg,pituitary,pituitary,96.83
Te-pi_53.jpg,pituitary,pituitary,93.87
Te-pi_54.jpg,pituitary,pituitary,100.0
Te-pi_55.jpg,pituitary,pituitary,99.38
Te-pi_56.jpg,pituitary,pituitary,78.6
Te-pi_57.jpg,pituitary,pituitary,85.1
Te-pi_58.jpg,pituitary,pituitary,99.38
Te-pi_59.jpg,pituitary,pituitary,99.45
Te-pi_6.jpg,pituitary,pituitary,99.12
Te-pi_60.jpg,pituitary,meningioma,85.85
Te-pi_61.jpg,pituitary,pituitary,93.03
Te-pi_62.jpg,pituitary,pituitary,99.11
Te-pi_63.jpg,pituitary,pituitary,99.7
Te-pi_64.jpg,pituitary,pituitary,54.45
Te-pi_65.jpg,pituitary,pituitary,97.71
Te-pi_66.jpg,pituitary,pituitary,98.01
Te-pi_67.jpg,pituitary,pituitary,100.0
Te-pi_68.jpg,pituitary,pituitary,96.26
Te-pi_69.jpg,pituitary,pituitary,87.05
Te-pi_7.jpg,pituitary,pituitary,85.98
Te-pi_70.jpg,pituitary,meningioma,81.06
Te-pi_71.jpg,pituitary,pituitary,54.24
Te-pi_72.jpg,pituitary,pituitary,99.73
Te-pi_73.jpg,pituitary,pituitary,99.8
Te-pi_74.jpg,pituitary,pituitary,99.81
Te-pi_75.jpg,pituitary,pituitary,98.49
Te-pi_76.jpg,pituitary,pituitary,99.66
Te-pi_77.jpg,pituitary,pituitary,99.8
Te-pi_78.jpg,pituitary,pituitary,96.54
Te-pi_79.jpg,pituitary,pituitary,99.36
Te-pi_8.jpg,pituitary,pituitary,57.13
Te-pi_80.jpg,pituitary,pituitary,93.78
Te-pi_81.jpg,pituitary,pituitary,74.43
Te-pi_82.jpg,pituitary,pituitary,98.21
Te-pi_83.jpg,pituitary,pituitary,99.11
Te-pi_84.jpg,pituitary,pituitary,88.27
Te-pi_85.jpg,pituitary,pituitary,50.65
Te-pi_86.jpg,pituitary,pituitary,99.68
Te-pi_87.jpg,pituitary,pituitary,99.55
Te-pi_88.jpg,pituitary,pituitary,100.0
Te-pi_89.jpg,pituitary,pituitary,97.16
Te-pi_9.jpg,pituitary,pituitary,99.5
Te-pi_90.jpg,pituitary,pituitary,92.75
Te-pi_91.jpg,pituitary,pituitary,99.78
Te-pi_92.jpg,pituitary,pituitary,98.93
Te-pi_93.jpg,pituitary,pituitary,99.56
Te-pi_94.jpg,pituitary,pituitary,96.86
Te-pi_95.jpg,pituitary,pituitary,99.66
Te-pi_96.jpg,pituitary,pituitary,99.79
Te-pi_97.jpg,pituitary,pituitary,100.0
Te-pi_98.jpg,pituitary,meningioma,86.06
Te-pi_99.jpg,pituitary,pituitary,97.32
